"filename", "language", "JavaScript", "JSON with Comments", "TypeScript", "JSON", "TypeScript JSX", "XML", "Prisma", "Markdown", "PL/SQL", "YAML", "PostCSS", "comment", "blank", "total"
"e:\FYP\educonnect-fyp\.eslintrc.json", "JSON with Comments", 0, 3, 0, 0, 0, 0, 0, 0, 0, 0, 0, 0, 1, 4
"e:\FYP\educonnect-fyp\Emails\VerificationEmail.tsx", "TypeScript JSX", 0, 0, 0, 0, 65, 0, 0, 0, 0, 0, 0, 0, 3, 68
"e:\FYP\educonnect-fyp\Logs\log1.md", "Markdown", 0, 0, 0, 0, 0, 0, 0, 42, 0, 0, 0, 0, 21, 63
"e:\FYP\educonnect-fyp\Logs\log1forSecondSupervisor.md", "Markdown", 0, 0, 0, 0, 0, 0, 0, 29, 0, 0, 0, 0, 21, 50
"e:\FYP\educonnect-fyp\Logs\log2.md", "Markdown", 0, 0, 0, 0, 0, 0, 0, 49, 0, 0, 0, 0, 21, 70
"e:\FYP\educonnect-fyp\Logs\log3.md", "Markdown", 0, 0, 0, 0, 0, 0, 0, 66, 0, 0, 0, 0, 28, 94
"e:\FYP\educonnect-fyp\Logs\log4.md", "Markdown", 0, 0, 0, 0, 0, 0, 0, 71, 0, 0, 0, 0, 21, 92
"e:\FYP\educonnect-fyp\Logs\log5.md", "Markdown", 0, 0, 0, 0, 0, 0, 0, 61, 0, 0, 0, 0, 33, 94
"e:\FYP\educonnect-fyp\Logs\log6.md", "Markdown", 0, 0, 0, 0, 0, 0, 0, 31, 0, 0, 0, 0, 19, 50
"e:\FYP\educonnect-fyp\Logs\log7.md", "Markdown", 0, 0, 0, 0, 0, 0, 0, 33, 0, 0, 0, 0, 23, 56
"e:\FYP\educonnect-fyp\Logs\log8.md", "Markdown", 0, 0, 0, 0, 0, 0, 0, 0, 0, 0, 0, 0, 1, 1
"e:\FYP\educonnect-fyp\README.md", "Markdown", 0, 0, 0, 0, 0, 0, 0, 23, 0, 0, 0, 0, 14, 37
"e:\FYP\educonnect-fyp\__tests__\server.test.ts", "TypeScript", 0, 0, 63, 0, 0, 0, 0, 0, 0, 0, 0, 1, 13, 77
"e:\FYP\educonnect-fyp\__tests__\socket.test.ts", "TypeScript", 0, 0, 222, 0, 0, 0, 0, 0, 0, 0, 0, 6, 49, 277
"e:\FYP\educonnect-fyp\components.json", "JSON", 0, 0, 0, 20, 0, 0, 0, 0, 0, 0, 0, 0, 0, 20
"e:\FYP\educonnect-fyp\educonnect_postman_collection.json", "JSON", 0, 0, 0, 558, 0, 0, 0, 0, 0, 0, 0, 0, 1, 559
"e:\FYP\educonnect-fyp\jest.config.ts", "TypeScript", 0, 0, 44, 0, 0, 0, 0, 0, 0, 0, 0, 108, 55, 207
"e:\FYP\educonnect-fyp\jest.setup.ts", "TypeScript", 0, 0, 13, 0, 0, 0, 0, 0, 0, 0, 0, 3, 4, 20
"e:\FYP\educonnect-fyp\next.config.mjs", "JavaScript", 45, 0, 0, 0, 0, 0, 0, 0, 0, 0, 0, 3, 6, 54
"e:\FYP\educonnect-fyp\package-lock.json", "JSON", 0, 0, 0, 18406, 0, 0, 0, 0, 0, 0, 0, 0, 1, 18407
"e:\FYP\educonnect-fyp\package.json", "JSON", 0, 0, 0, 136, 0, 0, 0, 0, 0, 0, 0, 0, 1, 137
"e:\FYP\educonnect-fyp\pnpm-lock.yaml", "YAML", 0, 0, 0, 0, 0, 0, 0, 0, 0, 9808, 0, 0, 2513, 12321
"e:\FYP\educonnect-fyp\postcss.config.mjs", "JavaScript", 6, 0, 0, 0, 0, 0, 0, 0, 0, 0, 0, 1, 2, 9
"e:\FYP\educonnect-fyp\postman_collection.json", "JSON", 0, 0, 0, 714, 0, 0, 0, 0, 0, 0, 0, 0, 1, 715
"e:\FYP\educonnect-fyp\prisma\migrations\20240909025707_init\migration.sql", "PL/SQL", 0, 0, 0, 0, 0, 0, 0, 0, 16, 0, 0, 4, 5, 25
"e:\FYP\educonnect-fyp\prisma\migrations\20240909030915_message\migration.sql", "PL/SQL", 0, 0, 0, 0, 0, 0, 0, 0, 9, 0, 0, 3, 4, 16
"e:\FYP\educonnect-fyp\prisma\migrations\20240909091831_add_auth_related_tables\migration.sql", "PL/SQL", 0, 0, 0, 0, 0, 0, 0, 0, 51, 0, 0, 19, 14, 84
"e:\FYP\educonnect-fyp\prisma\migrations\20240909153650_add_tables_for_posts_and_reactions\migration.sql", "PL/SQL", 0, 0, 0, 0, 0, 0, 0, 0, 18, 0, 0, 5, 7, 30
"e:\FYP\educonnect-fyp\prisma\migrations\20240910013947_update_schema_for_profile\migration.sql", "PL/SQL", 0, 0, 0, 0, 0, 0, 0, 0, 12, 0, 0, 19, 6, 37
"e:\FYP\educonnect-fyp\prisma\migrations\20240910054329_update_schema_for_address\migration.sql", "PL/SQL", 0, 0, 0, 0, 0, 0, 0, 0, 1, 0, 0, 1, 1, 3
"e:\FYP\educonnect-fyp\prisma\migrations\20240910055954_update_schema_for_cover_image\migration.sql", "PL/SQL", 0, 0, 0, 0, 0, 0, 0, 0, 1, 0, 0, 1, 1, 3
"e:\FYP\educonnect-fyp\prisma\migrations\20240910064647_update_schema_for_verify_code\migration.sql", "PL/SQL", 0, 0, 0, 0, 0, 0, 0, 0, 2, 0, 0, 1, 1, 4
"e:\FYP\educonnect-fyp\prisma\migrations\20240911005707_update_schema_for_modify_model\migration.sql", "PL/SQL", 0, 0, 0, 0, 0, 0, 0, 0, 1, 0, 0, 1, 1, 3
"e:\FYP\educonnect-fyp\prisma\migrations\20240911030729_init\migration.sql", "PL/SQL", 0, 0, 0, 0, 0, 0, 0, 0, 3, 0, 0, 8, 2, 13
"e:\FYP\educonnect-fyp\prisma\migrations\20240911060434_image_url\migration.sql", "PL/SQL", 0, 0, 0, 0, 0, 0, 0, 0, 2, 0, 0, 7, 1, 10
"e:\FYP\educonnect-fyp\prisma\migrations\20240913045919_add_comments_reactions_shares_savedposts\migration.sql", "PL/SQL", 0, 0, 0, 0, 0, 0, 0, 0, 18, 0, 0, 6, 8, 32
"e:\FYP\educonnect-fyp\prisma\migrations\20240913050633_add_comments\migration.sql", "PL/SQL", 0, 0, 0, 0, 0, 0, 0, 0, 11, 0, 0, 3, 4, 18
"e:\FYP\educonnect-fyp\prisma\migrations\20240914043049_add_hashtags_links_to_post\migration.sql", "PL/SQL", 0, 0, 0, 0, 0, 0, 0, 0, 2, 0, 0, 1, 1, 4
"e:\FYP\educonnect-fyp\prisma\migrations\20240914043418_fix_ondelete_referential_actions\migration.sql", "PL/SQL", 0, 0, 0, 0, 0, 0, 0, 0, 22, 0, 0, 21, 21, 64
"e:\FYP\educonnect-fyp\prisma\migrations\20240914043508_add_fil_urls_to_post\migration.sql", "PL/SQL", 0, 0, 0, 0, 0, 0, 0, 0, 1, 0, 0, 1, 1, 3
"e:\FYP\educonnect-fyp\prisma\migrations\20240914063335_remove_url_hastag_links_from_post\migration.sql", "PL/SQL", 0, 0, 0, 0, 0, 0, 0, 0, 5, 0, 0, 10, 1, 16
"e:\FYP\educonnect-fyp\prisma\migrations\20240914124629_update_types_of_reaction\migration.sql", "PL/SQL", 0, 0, 0, 0, 0, 0, 0, 0, 3, 0, 0, 8, 2, 13
"e:\FYP\educonnect-fyp\prisma\migrations\20240914140203_update_types_of_reaction\migration.sql", "PL/SQL", 0, 0, 0, 0, 0, 0, 0, 0, 2, 0, 0, 8, 2, 12
"e:\FYP\educonnect-fyp\prisma\migrations\20240915124405_update_role_on_user\migration.sql", "PL/SQL", 0, 0, 0, 0, 0, 0, 0, 0, 3, 0, 0, 8, 2, 13
"e:\FYP\educonnect-fyp\prisma\migrations\20240915125352_update_role_on_user\migration.sql", "PL/SQL", 0, 0, 0, 0, 0, 0, 0, 0, 3, 0, 0, 8, 2, 13
"e:\FYP\educonnect-fyp\prisma\migrations\20240919154338_add_composite_unique_constraint\migration.sql", "PL/SQL", 0, 0, 0, 0, 0, 0, 0, 0, 1, 0, 0, 7, 1, 9
"e:\FYP\educonnect-fyp\prisma\migrations\20240925075659_chat_feature\migration.sql", "PL/SQL", 0, 0, 0, 0, 0, 0, 0, 0, 29, 0, 0, 20, 15, 64
"e:\FYP\educonnect-fyp\prisma\migrations\20240925140944_update_message_model\migration.sql", "PL/SQL", 0, 0, 0, 0, 0, 0, 0, 0, 4, 0, 0, 2, 2, 8
"e:\FYP\educonnect-fyp\prisma\migrations\20240925141259_update_message_model\migration.sql", "PL/SQL", 0, 0, 0, 0, 0, 0, 0, 0, 1, 0, 0, 1, 1, 3
"e:\FYP\educonnect-fyp\prisma\migrations\20240925141456_update_message_model\migration.sql", "PL/SQL", 0, 0, 0, 0, 0, 0, 0, 0, 1, 0, 0, 1, 1, 3
"e:\FYP\educonnect-fyp\prisma\migrations\20241002054437_event_model_created\migration.sql", "PL/SQL", 0, 0, 0, 0, 0, 0, 0, 0, 17, 0, 0, 3, 4, 24
"e:\FYP\educonnect-fyp\prisma\migrations\20241002060257_event_model_and_registation_update\migration.sql", "PL/SQL", 0, 0, 0, 0, 0, 0, 0, 0, 31, 0, 0, 21, 11, 63
"e:\FYP\educonnect-fyp\prisma\migrations\20241003031936_registation_update\migration.sql", "PL/SQL", 0, 0, 0, 0, 0, 0, 0, 0, 3, 0, 0, 2, 2, 7
"e:\FYP\educonnect-fyp\prisma\migrations\20241003081421_update_event\migration.sql", "PL/SQL", 0, 0, 0, 0, 0, 0, 0, 0, 10, 0, 0, 15, 6, 31
"e:\FYP\educonnect-fyp\prisma\migrations\20241003082001_add_start_time_and_registration_end_date\migration.sql", "PL/SQL", 0, 0, 0, 0, 0, 0, 0, 0, 3, 0, 0, 2, 2, 7
"e:\FYP\educonnect-fyp\prisma\migrations\20250207034109_add_payment_model\migration.sql", "PL/SQL", 0, 0, 0, 0, 0, 0, 0, 0, 21, 0, 0, 14, 9, 44
"e:\FYP\educonnect-fyp\prisma\migrations\20250207043917_init_schema\migration.sql", "PL/SQL", 0, 0, 0, 0, 0, 0, 0, 0, 21, 0, 0, 24, 11, 56
"e:\FYP\educonnect-fyp\prisma\migrations\20250207044511_make_name_optional\migration.sql", "PL/SQL", 0, 0, 0, 0, 0, 0, 0, 0, 2, 0, 0, 2, 2, 6
"e:\FYP\educonnect-fyp\prisma\migrations\20250207044906_change_types\migration.sql", "PL/SQL", 0, 0, 0, 0, 0, 0, 0, 0, 9, 0, 0, 8, 2, 19
"e:\FYP\educonnect-fyp\prisma\migrations\20250207050058_change_types\migration.sql", "PL/SQL", 0, 0, 0, 0, 0, 0, 0, 0, 9, 0, 0, 8, 2, 19
"e:\FYP\educonnect-fyp\prisma\migrations\20250211080104_group_message\migration.sql", "PL/SQL", 0, 0, 0, 0, 0, 0, 0, 0, 3, 0, 0, 3, 3, 9
"e:\FYP\educonnect-fyp\prisma\migrations\20250214050238_add_message_content\migration.sql", "PL/SQL", 0, 0, 0, 0, 0, 0, 0, 0, 3, 0, 0, 1, 1, 5
"e:\FYP\educonnect-fyp\prisma\migrations\20250220070534_payment_model_update\migration.sql", "PL/SQL", 0, 0, 0, 0, 0, 0, 0, 0, 15, 0, 0, 10, 3, 28
"e:\FYP\educonnect-fyp\prisma\migrations\20250224024350_group_member_demo\migration.sql", "PL/SQL", 0, 0, 0, 0, 0, 0, 0, 0, 5, 0, 0, 2, 3, 10
"e:\FYP\educonnect-fyp\prisma\migrations\20250320215822_book_article_model\migration.sql", "PL/SQL", 0, 0, 0, 0, 0, 0, 0, 0, 30, 0, 0, 5, 7, 42
"e:\FYP\educonnect-fyp\prisma\migrations\20250322084112_fileurl_in_atrical\migration.sql", "PL/SQL", 0, 0, 0, 0, 0, 0, 0, 0, 2, 0, 0, 2, 2, 6
"e:\FYP\educonnect-fyp\prisma\migrations\20250425110427_notification\migration.sql", "PL/SQL", 0, 0, 0, 0, 0, 0, 0, 0, 10, 0, 0, 3, 4, 17
"e:\FYP\educonnect-fyp\prisma\migrations\20250426113021_add_count_fields_to_post\migration.sql", "PL/SQL", 0, 0, 0, 0, 0, 0, 0, 0, 5, 0, 0, 2, 2, 9
"e:\FYP\educonnect-fyp\prisma\migrations\20250426181250_add_message_delivery_and_last_seen_fields\migration.sql", "PL/SQL", 0, 0, 0, 0, 0, 0, 0, 0, 3, 0, 0, 2, 2, 7
"e:\FYP\educonnect-fyp\prisma\schema.prisma", "Prisma", 0, 0, 0, 0, 0, 0, 228, 0, 0, 0, 0, 9, 34, 271
"e:\FYP\educonnect-fyp\public\next.svg", "XML", 0, 0, 0, 0, 0, 1, 0, 0, 0, 0, 0, 0, 0, 1
"e:\FYP\educonnect-fyp\public\vercel.svg", "XML", 0, 0, 0, 0, 0, 1, 0, 0, 0, 0, 0, 0, 0, 1
"e:\FYP\educonnect-fyp\server.ts", "TypeScript", 0, 0, 409, 0, 0, 0, 0, 0, 0, 0, 0, 59, 70, 538
"e:\FYP\educonnect-fyp\src\Schema\Sign-up-schema.ts", "TypeScript", 0, 0, 15, 0, 0, 0, 0, 0, 0, 0, 0, 2, 3, 20
"e:\FYP\educonnect-fyp\src\Schema\signInSchema.ts", "TypeScript", 0, 0, 5, 0, 0, 0, 0, 0, 0, 0, 0, 0, 2, 7
"e:\FYP\educonnect-fyp\src\Schema\verifySchema.ts", "TypeScript", 0, 0, 6, 0, 0, 0, 0, 0, 0, 0, 0, 0, 2, 8
"e:\FYP\educonnect-fyp\src\app\(app)\(profile)\user-profile\[userId]\page.tsx", "TypeScript JSX", 0, 0, 0, 0, 17, 0, 0, 0, 0, 0, 0, 4, 6, 27
"e:\FYP\educonnect-fyp\src\app\(app)\Events\[eventId]\page.tsx", "TypeScript JSX", 0, 0, 0, 0, 700, 0, 0, 0, 0, 0, 0, 223, 51, 974
"e:\FYP\educonnect-fyp\src\app\(app)\Events\create\page.tsx", "TypeScript JSX", 0, 0, 0, 0, 9, 0, 0, 0, 0, 0, 0, 0, 3, 12
"e:\FYP\educonnect-fyp\src\app\(app)\Events\loading.tsx", "TypeScript JSX", 0, 0, 0, 0, 3, 0, 0, 0, 0, 0, 0, 0, 1, 4
"e:\FYP\educonnect-fyp\src\app\(app)\Events\page.tsx", "TypeScript JSX", 0, 0, 0, 0, 890, 0, 0, 0, 0, 0, 0, 30, 52, 972
"e:\FYP\educonnect-fyp\src\app\(app)\Home\loading.tsx", "TypeScript JSX", 0, 0, 0, 0, 3, 0, 0, 0, 0, 0, 0, 0, 1, 4
"e:\FYP\educonnect-fyp\src\app\(app)\Home\page.tsx", "TypeScript JSX", 0, 0, 0, 0, 393, 0, 0, 0, 0, 0, 0, 28, 28, 449
"e:\FYP\educonnect-fyp\src\app\(app)\Trending\page.tsx", "TypeScript JSX", 0, 0, 0, 0, 9, 0, 0, 0, 0, 0, 0, 0, 2, 11
"e:\FYP\educonnect-fyp\src\app\(app)\chat\page.tsx", "TypeScript JSX", 0, 0, 0, 0, 103, 0, 0, 0, 0, 0, 0, 5, 9, 117
"e:\FYP\educonnect-fyp\src\app\(app)\group\page.tsx", "TypeScript JSX", 0, 0, 0, 0, 105, 0, 0, 0, 0, 0, 0, 3, 10, 118
"e:\FYP\educonnect-fyp\src\app\(app)\layout.tsx", "TypeScript JSX", 0, 0, 0, 0, 27, 0, 0, 0, 0, 0, 0, 2, 6, 35
"e:\FYP\educonnect-fyp\src\app\(app)\library\articles\[id]\edit\page.tsx", "TypeScript JSX", 0, 0, 0, 0, 255, 0, 0, 0, 0, 0, 0, 5, 31, 291
"e:\FYP\educonnect-fyp\src\app\(app)\library\articles\[id]\page.tsx", "TypeScript JSX", 0, 0, 0, 0, 194, 0, 0, 0, 0, 0, 0, 17, 24, 235
"e:\FYP\educonnect-fyp\src\app\(app)\library\articles\add\page.tsx", "TypeScript JSX", 0, 0, 0, 0, 437, 0, 0, 0, 0, 0, 0, 12, 36, 485
"e:\FYP\educonnect-fyp\src\app\(app)\library\articles\page.tsx", "TypeScript JSX", 0, 0, 0, 0, 122, 0, 0, 0, 0, 0, 0, 3, 13, 138
"e:\FYP\educonnect-fyp\src\app\(app)\library\books\[id]\page.tsx", "TypeScript JSX", 0, 0, 0, 0, 203, 0, 0, 0, 0, 0, 0, 8, 19, 230
"e:\FYP\educonnect-fyp\src\app\(app)\library\books\add\page.tsx", "TypeScript JSX", 0, 0, 0, 0, 478, 0, 0, 0, 0, 0, 0, 12, 36, 526
"e:\FYP\educonnect-fyp\src\app\(app)\library\books\page.tsx", "TypeScript JSX", 0, 0, 0, 0, 228, 0, 0, 0, 0, 0, 0, 5, 17, 250
"e:\FYP\educonnect-fyp\src\app\(app)\library\page.tsx", "TypeScript JSX", 0, 0, 0, 0, 188, 0, 0, 0, 0, 0, 0, 4, 13, 205
"e:\FYP\educonnect-fyp\src\app\(app)\news\page.tsx", "TypeScript JSX", 0, 0, 0, 0, 4, 0, 0, 0, 0, 0, 0, 0, 2, 6
"e:\FYP\educonnect-fyp\src\app\(app)\page.tsx", "TypeScript JSX", 0, 0, 0, 0, 10, 0, 0, 0, 0, 0, 0, 0, 3, 13
"e:\FYP\educonnect-fyp\src\app\(app)\posts\page.tsx", "TypeScript JSX", 0, 0, 0, 0, 100, 0, 0, 0, 0, 0, 0, 4, 10, 114
"e:\FYP\educonnect-fyp\src\app\(app)\success\page.tsx", "TypeScript JSX", 0, 0, 0, 0, 30, 0, 0, 0, 0, 0, 0, 0, 9, 39
"e:\FYP\educonnect-fyp\src\app\(app)\thank-you\page.tsx", "TypeScript JSX", 0, 0, 0, 0, 22, 0, 0, 0, 0, 0, 0, 0, 4, 26
"e:\FYP\educonnect-fyp\src\app\(app)\try\page.tsx", "TypeScript JSX", 0, 0, 0, 0, 9, 0, 0, 0, 0, 0, 0, 1, 3, 13
"e:\FYP\educonnect-fyp\src\app\(app)\try\sign.tsx", "TypeScript JSX", 0, 0, 0, 0, 115, 0, 0, 0, 0, 0, 0, 0, 4, 119
"e:\FYP\educonnect-fyp\src\app\(auth)\sign-in\page.tsx", "TypeScript JSX", 0, 0, 0, 0, 5, 0, 0, 0, 0, 0, 0, 0, 3, 8
"e:\FYP\educonnect-fyp\src\app\(auth)\sign-up\page.tsx", "TypeScript JSX", 0, 0, 0, 0, 5, 0, 0, 0, 0, 0, 0, 0, 3, 8
"e:\FYP\educonnect-fyp\src\app\(auth)\verify\[username]\page.tsx", "TypeScript JSX", 0, 0, 0, 0, 132, 0, 0, 0, 0, 0, 0, 0, 10, 142
"e:\FYP\educonnect-fyp\src\app\404.tsx", "TypeScript JSX", 0, 0, 0, 0, 26, 0, 0, 0, 0, 0, 0, 0, 4, 30
"e:\FYP\educonnect-fyp\src\app\500.tsx", "TypeScript JSX", 0, 0, 0, 0, 208, 0, 0, 0, 0, 0, 0, 1, 1, 210
"e:\FYP\educonnect-fyp\src\app\Landing\Page.tsx", "TypeScript JSX", 0, 0, 0, 0, 23, 0, 0, 0, 0, 0, 0, 0, 2, 25
"e:\FYP\educonnect-fyp\src\app\Landing\layout.tsx", "TypeScript JSX", 0, 0, 0, 0, 16, 0, 0, 0, 0, 0, 0, 0, 5, 21
"e:\FYP\educonnect-fyp\src\app\Providers\page.tsx", "TypeScript JSX", 0, 0, 0, 0, 40, 0, 0, 0, 0, 0, 0, 2, 6, 48
"e:\FYP\educonnect-fyp\src\app\admin\articles\[id]\page.tsx", "TypeScript JSX", 0, 0, 0, 0, 148, 0, 0, 0, 0, 0, 0, 1, 19, 168
"e:\FYP\educonnect-fyp\src\app\admin\articles\page.tsx", "TypeScript JSX", 0, 0, 0, 0, 9, 0, 0, 0, 0, 0, 0, 0, 4, 13
"e:\FYP\educonnect-fyp\src\app\admin\books\page.tsx", "TypeScript JSX", 0, 0, 0, 0, 9, 0, 0, 0, 0, 0, 0, 0, 3, 12
"e:\FYP\educonnect-fyp\src\app\admin\chat\page.tsx", "TypeScript JSX", 0, 0, 0, 0, 9, 0, 0, 0, 0, 0, 0, 0, 4, 13
"e:\FYP\educonnect-fyp\src\app\admin\dashboard\page.tsx", "TypeScript JSX", 0, 0, 0, 0, 18, 0, 0, 0, 0, 0, 0, 2, 4, 24
"e:\FYP\educonnect-fyp\src\app\admin\dashboard\root-layout.tsx", "TypeScript JSX", 0, 0, 0, 0, 17, 0, 0, 0, 0, 0, 0, 1, 4, 22
"e:\FYP\educonnect-fyp\src\app\admin\events\page.tsx", "TypeScript JSX", 0, 0, 0, 0, 9, 0, 0, 0, 0, 0, 0, 0, 3, 12
"e:\FYP\educonnect-fyp\src\app\admin\layout.tsx", "TypeScript JSX", 0, 0, 0, 0, 38, 0, 0, 0, 0, 0, 0, 1, 5, 44
"e:\FYP\educonnect-fyp\src\app\admin\payments\[id]\page.tsx", "TypeScript JSX", 0, 0, 0, 0, 288, 0, 0, 0, 0, 0, 0, 1, 36, 325
"e:\FYP\educonnect-fyp\src\app\admin\payments\page.tsx", "TypeScript JSX", 0, 0, 0, 0, 9, 0, 0, 0, 0, 0, 0, 0, 4, 13
"e:\FYP\educonnect-fyp\src\app\admin\posts\[id]\page.tsx", "TypeScript JSX", 0, 0, 0, 0, 350, 0, 0, 0, 0, 0, 0, 2, 34, 386
"e:\FYP\educonnect-fyp\src\app\admin\posts\page.tsx", "TypeScript JSX", 0, 0, 0, 0, 9, 0, 0, 0, 0, 0, 0, 0, 3, 12
"e:\FYP\educonnect-fyp\src\app\admin\users\loading.tsx", "TypeScript JSX", 0, 0, 0, 0, 3, 0, 0, 0, 0, 0, 0, 0, 2, 5
"e:\FYP\educonnect-fyp\src\app\admin\users\page.tsx", "TypeScript JSX", 0, 0, 0, 0, 9, 0, 0, 0, 0, 0, 0, 0, 3, 12
"e:\FYP\educonnect-fyp\src\app\admin\users\users-page-client.tsx", "TypeScript JSX", 0, 0, 0, 0, 125, 0, 0, 0, 0, 0, 0, 6, 13, 144
"e:\FYP\educonnect-fyp\src\app\api\admin\articles\[id]\route.ts", "TypeScript", 0, 0, 140, 0, 0, 0, 0, 0, 0, 0, 0, 13, 22, 175
"e:\FYP\educonnect-fyp\src\app\api\admin\articles\route.ts", "TypeScript", 0, 0, 112, 0, 0, 0, 0, 0, 0, 0, 0, 13, 17, 142
"e:\FYP\educonnect-fyp\src\app\api\admin\books\[id]\route.ts", "TypeScript", 0, 0, 179, 0, 0, 0, 0, 0, 0, 0, 0, 35, 40, 254
"e:\FYP\educonnect-fyp\src\app\api\admin\books\route.ts", "TypeScript", 0, 0, 131, 0, 0, 0, 0, 0, 0, 0, 0, 21, 24, 176
"e:\FYP\educonnect-fyp\src\app\api\admin\chat\groups\[id]\route.ts", "TypeScript", 0, 0, 303, 0, 0, 0, 0, 0, 0, 0, 0, 26, 47, 376
"e:\FYP\educonnect-fyp\src\app\api\admin\chat\groups\route.ts", "TypeScript", 0, 0, 173, 0, 0, 0, 0, 0, 0, 0, 0, 19, 24, 216
"e:\FYP\educonnect-fyp\src\app\api\admin\chat\messages\[id]\route.ts", "TypeScript", 0, 0, 237, 0, 0, 0, 0, 0, 0, 0, 0, 19, 28, 284
"e:\FYP\educonnect-fyp\src\app\api\admin\chat\messages\route.ts", "TypeScript", 0, 0, 192, 0, 0, 0, 0, 0, 0, 0, 0, 16, 28, 236
"e:\FYP\educonnect-fyp\src\app\api\admin\chat\route.ts", "TypeScript", 0, 0, 209, 0, 0, 0, 0, 0, 0, 0, 0, 22, 25, 256
"e:\FYP\educonnect-fyp\src\app\api\admin\dashboard-stats\route.ts", "TypeScript", 0, 0, 105, 0, 0, 0, 0, 0, 0, 0, 0, 16, 18, 139
"e:\FYP\educonnect-fyp\src\app\api\admin\events\[id]\route.ts", "TypeScript", 0, 0, 248, 0, 0, 0, 0, 0, 0, 0, 0, 23, 32, 303
"e:\FYP\educonnect-fyp\src\app\api\admin\events\route.ts", "TypeScript", 0, 0, 150, 0, 0, 0, 0, 0, 0, 0, 0, 12, 19, 181
"e:\FYP\educonnect-fyp\src\app\api\admin\payments\[id]\route.ts", "TypeScript", 0, 0, 185, 0, 0, 0, 0, 0, 0, 0, 0, 18, 28, 231
"e:\FYP\educonnect-fyp\src\app\api\admin\payments\route.ts", "TypeScript", 0, 0, 268, 0, 0, 0, 0, 0, 0, 0, 0, 28, 38, 334
"e:\FYP\educonnect-fyp\src\app\api\admin\posts\[id]\route.ts", "TypeScript", 0, 0, 241, 0, 0, 0, 0, 0, 0, 0, 0, 20, 31, 292
"e:\FYP\educonnect-fyp\src\app\api\admin\posts\route.ts", "TypeScript", 0, 0, 162, 0, 0, 0, 0, 0, 0, 0, 0, 21, 27, 210
"e:\FYP\educonnect-fyp\src\app\api\admin\users\[id]\route.ts", "TypeScript", 0, 0, 160, 0, 0, 0, 0, 0, 0, 0, 0, 16, 28, 204
"e:\FYP\educonnect-fyp\src\app\api\admin\users\route.ts", "TypeScript", 0, 0, 126, 0, 0, 0, 0, 0, 0, 0, 0, 16, 21, 163
"e:\FYP\educonnect-fyp\src\app\api\articles\[id]\route.ts", "TypeScript", 0, 0, 126, 0, 0, 0, 0, 0, 0, 0, 0, 10, 22, 158
"e:\FYP\educonnect-fyp\src\app\api\articles\route.ts", "TypeScript", 0, 0, 75, 0, 0, 0, 0, 0, 0, 0, 0, 3, 12, 90
"e:\FYP\educonnect-fyp\src\app\api\auth\[...nextauth]\options.ts", "TypeScript", 0, 0, 95, 0, 0, 0, 0, 0, 0, 0, 0, 2, 7, 104
"e:\FYP\educonnect-fyp\src\app\api\auth\[...nextauth]\route.ts", "TypeScript", 0, 0, 4, 0, 0, 0, 0, 0, 0, 0, 0, 0, 3, 7
"e:\FYP\educonnect-fyp\src\app\api\auth\check-admin\route.ts", "TypeScript", 0, 0, 36, 0, 0, 0, 0, 0, 0, 0, 0, 5, 6, 47
"e:\FYP\educonnect-fyp\src\app\api\books\[id]\route.ts", "TypeScript", 0, 0, 138, 0, 0, 0, 0, 0, 0, 0, 0, 9, 22, 169
"e:\FYP\educonnect-fyp\src\app\api\books\route.ts", "TypeScript", 0, 0, 91, 0, 0, 0, 0, 0, 0, 0, 0, 3, 14, 108
"e:\FYP\educonnect-fyp\src\app\api\bookupload\route.ts", "TypeScript", 0, 0, 56, 0, 0, 0, 0, 0, 0, 0, 0, 1, 10, 67
"e:\FYP\educonnect-fyp\src\app\api\chat\chat\route.ts", "TypeScript", 0, 0, 37, 0, 0, 0, 0, 0, 0, 0, 0, 1, 8, 46
"e:\FYP\educonnect-fyp\src\app\api\chat\groups\route.ts", "TypeScript", 0, 0, 84, 0, 0, 0, 0, 0, 0, 0, 0, 0, 7, 91
"e:\FYP\educonnect-fyp\src\app\api\check-username-unique\route.ts", "TypeScript", 0, 0, 63, 0, 0, 0, 0, 0, 0, 0, 0, 1, 9, 73
"e:\FYP\educonnect-fyp\src\app\api\events\[eventId]\route.ts", "TypeScript", 0, 0, 23, 0, 0, 0, 0, 0, 0, 0, 0, 0, 5, 28
"e:\FYP\educonnect-fyp\src\app\api\events\check-registration\route.ts", "TypeScript", 0, 0, 33, 0, 0, 0, 0, 0, 0, 0, 0, 1, 6, 40
"e:\FYP\educonnect-fyp\src\app\api\events\register\route.ts", "TypeScript", 0, 0, 107, 0, 0, 0, 0, 0, 0, 0, 0, 9, 11, 127
"e:\FYP\educonnect-fyp\src\app\api\events\route.ts", "TypeScript", 0, 0, 100, 0, 0, 0, 0, 0, 0, 0, 0, 3, 11, 114
"e:\FYP\educonnect-fyp\src\app\api\initiate-payment\route.ts", "TypeScript", 0, 0, 72, 0, 0, 0, 0, 0, 0, 0, 0, 110, 25, 207
"e:\FYP\educonnect-fyp\src\app\api\khalti-lookup\route.ts", "TypeScript", 0, 0, 38, 0, 0, 0, 0, 0, 0, 0, 0, 1, 5, 44
"e:\FYP\educonnect-fyp\src\app\api\messages\fetchMessages\route.ts", "TypeScript", 0, 0, 25, 0, 0, 0, 0, 0, 0, 0, 0, 2, 5, 32
"e:\FYP\educonnect-fyp\src\app\api\messages\history\route.ts", "TypeScript", 0, 0, 26, 0, 0, 0, 0, 0, 0, 0, 0, 31, 11, 68
"e:\FYP\educonnect-fyp\src\app\api\messages\route.ts", "TypeScript", 0, 0, 85, 0, 0, 0, 0, 0, 0, 0, 0, 24, 18, 127
"e:\FYP\educonnect-fyp\src\app\api\messages\uplaod\route.ts", "TypeScript", 0, 0, 32, 0, 0, 0, 0, 0, 0, 0, 0, 4, 8, 44
"e:\FYP\educonnect-fyp\src\app\api\notifications\route.ts", "TypeScript", 0, 0, 26, 0, 0, 0, 0, 0, 0, 0, 0, 2, 7, 35
"e:\FYP\educonnect-fyp\src\app\api\payment\failure\route.ts", "TypeScript", 0, 0, 14, 0, 0, 0, 0, 0, 0, 0, 0, 0, 5, 19
"e:\FYP\educonnect-fyp\src\app\api\posts\[postId]\comments\route.ts", "TypeScript", 0, 0, 82, 0, 0, 0, 0, 0, 0, 0, 0, 75, 24, 181
"e:\FYP\educonnect-fyp\src\app\api\posts\[postId]\like\route.ts", "TypeScript", 0, 0, 113, 0, 0, 0, 0, 0, 0, 0, 0, 9, 17, 139
"e:\FYP\educonnect-fyp\src\app\api\posts\[postId]\route.ts", "TypeScript", 0, 0, 0, 0, 0, 0, 0, 0, 0, 0, 0, 90, 16, 106
"e:\FYP\educonnect-fyp\src\app\api\posts\[postId]\saved-posts\route.ts", "TypeScript", 0, 0, 141, 0, 0, 0, 0, 0, 0, 0, 0, 10, 23, 174
"e:\FYP\educonnect-fyp\src\app\api\posts\route.ts", "TypeScript", 0, 0, 133, 0, 0, 0, 0, 0, 0, 0, 0, 6, 18, 157
"e:\FYP\educonnect-fyp\src\app\api\posts\timeline\route.ts", "TypeScript", 0, 0, 66, 0, 0, 0, 0, 0, 0, 0, 0, 0, 8, 74
"e:\FYP\educonnect-fyp\src\app\api\save-payment\route.ts", "TypeScript", 0, 0, 54, 0, 0, 0, 0, 0, 0, 0, 0, 17, 9, 80
"e:\FYP\educonnect-fyp\src\app\api\search\route.ts", "TypeScript", 0, 0, 29, 0, 0, 0, 0, 0, 0, 0, 0, 1, 6, 36
"e:\FYP\educonnect-fyp\src\app\api\sign-up\route.ts", "TypeScript", 0, 0, 81, 0, 0, 0, 0, 0, 0, 0, 0, 5, 16, 102
"e:\FYP\educonnect-fyp\src\app\api\trending-topics\bing\route.ts", "TypeScript", 0, 0, 218, 0, 0, 0, 0, 0, 0, 0, 0, 21, 26, 265
"e:\FYP\educonnect-fyp\src\app\api\trending-topics\route.ts", "TypeScript", 0, 0, 250, 0, 0, 0, 0, 0, 0, 0, 0, 32, 36, 318
"e:\FYP\educonnect-fyp\src\app\api\update-profile\route.ts", "TypeScript", 0, 0, 23, 0, 0, 0, 0, 0, 0, 0, 0, 1, 6, 30
"e:\FYP\educonnect-fyp\src\app\api\upload\image\route.ts", "TypeScript", 0, 0, 56, 0, 0, 0, 0, 0, 0, 0, 0, 7, 11, 74
"e:\FYP\educonnect-fyp\src\app\api\upload\pdf\route.ts", "TypeScript", 0, 0, 54, 0, 0, 0, 0, 0, 0, 0, 0, 7, 11, 72
"e:\FYP\educonnect-fyp\src\app\api\user\[userId]\route.ts", "TypeScript", 0, 0, 95, 0, 0, 0, 0, 0, 0, 0, 0, 5, 17, 117
"e:\FYP\educonnect-fyp\src\app\api\user\[userId]\saved-posts\route.ts", "TypeScript", 0, 0, 36, 0, 0, 0, 0, 0, 0, 0, 0, 3, 5, 44
"e:\FYP\educonnect-fyp\src\app\api\user\route.ts", "TypeScript", 0, 0, 28, 0, 0, 0, 0, 0, 0, 0, 0, 0, 3, 31
"e:\FYP\educonnect-fyp\src\app\api\user\update-password\route.ts", "TypeScript", 0, 0, 67, 0, 0, 0, 0, 0, 0, 0, 0, 6, 10, 83
"e:\FYP\educonnect-fyp\src\app\api\user\upload-image\route.ts", "TypeScript", 0, 0, 38, 0, 0, 0, 0, 0, 0, 0, 0, 4, 8, 50
"e:\FYP\educonnect-fyp\src\app\api\user\verify-password\route.ts", "TypeScript", 0, 0, 27, 0, 0, 0, 0, 0, 0, 0, 0, 3, 8, 38
"e:\FYP\educonnect-fyp\src\app\api\verify-code\route.ts", "TypeScript", 0, 0, 44, 0, 0, 0, 0, 0, 0, 0, 0, 5, 7, 56
"e:\FYP\educonnect-fyp\src\app\context\AuthProvider.tsx", "TypeScript JSX", 0, 0, 0, 0, 22, 0, 0, 0, 0, 0, 0, 1, 7, 30
"e:\FYP\educonnect-fyp\src\app\globals.css", "PostCSS", 0, 0, 0, 0, 0, 0, 0, 0, 0, 0, 207, 30, 50, 287
"e:\FYP\educonnect-fyp\src\app\layout.tsx", "TypeScript JSX", 0, 0, 0, 0, 23, 0, 0, 0, 0, 0, 0, 0, 4, 27
"e:\FYP\educonnect-fyp\src\app\success\route.ts", "TypeScript", 0, 0, 130, 0, 0, 0, 0, 0, 0, 0, 0, 79, 25, 234
"e:\FYP\educonnect-fyp\src\app\tests\api\articles.test.ts", "TypeScript", 0, 0, 178, 0, 0, 0, 0, 0, 0, 0, 0, 1, 48, 227
"e:\FYP\educonnect-fyp\src\app\tests\api\auth\login.test.ts", "TypeScript", 0, 0, 99, 0, 0, 0, 0, 0, 0, 0, 0, 1, 25, 125
"e:\FYP\educonnect-fyp\src\app\tests\api\auth\signup.test.ts", "TypeScript", 0, 0, 95, 0, 0, 0, 0, 0, 0, 0, 0, 1, 22, 118
"e:\FYP\educonnect-fyp\src\app\tests\api\comments.test.ts", "TypeScript", 0, 0, 204, 0, 0, 0, 0, 0, 0, 0, 0, 1, 56, 261
"e:\FYP\educonnect-fyp\src\app\tests\api\signup.test.ts", "TypeScript", 0, 0, 139, 0, 0, 0, 0, 0, 0, 0, 0, 0, 28, 167
"e:\FYP\educonnect-fyp\src\app\tests\api\unverified.test.ts", "TypeScript", 0, 0, 22, 0, 0, 0, 0, 0, 0, 0, 0, 3, 4, 29
"e:\FYP\educonnect-fyp\src\app\tests\helpers\testHelper.ts", "TypeScript", 0, 0, 40, 0, 0, 0, 0, 0, 0, 0, 0, 0, 8, 48
"e:\FYP\educonnect-fyp\src\components\Landing\features.tsx", "TypeScript JSX", 0, 0, 0, 0, 45, 0, 0, 0, 0, 0, 0, 0, 4, 49
"e:\FYP\educonnect-fyp\src\components\Landing\footer.tsx", "TypeScript JSX", 0, 0, 0, 0, 23, 0, 0, 0, 0, 0, 0, 0, 3, 26
"e:\FYP\educonnect-fyp\src\components\Landing\header.tsx", "TypeScript JSX", 0, 0, 0, 0, 45, 0, 0, 0, 0, 0, 0, 0, 3, 48
"e:\FYP\educonnect-fyp\src\components\Landing\hero.tsx", "TypeScript JSX", 0, 0, 0, 0, 20, 0, 0, 0, 0, 0, 0, 0, 3, 23
"e:\FYP\educonnect-fyp\src\components\Landing\mode-toggle.tsx", "TypeScript JSX", 0, 0, 0, 0, 24, 0, 0, 0, 0, 0, 0, 0, 5, 29
"e:\FYP\educonnect-fyp\src\components\Landing\pricing.tsx", "TypeScript JSX", 0, 0, 0, 0, 51, 0, 0, 0, 0, 0, 0, 0, 4, 55
"e:\FYP\educonnect-fyp\src\components\Landing\testimonials.tsx", "TypeScript JSX", 0, 0, 0, 0, 51, 0, 0, 0, 0, 0, 0, 1, 4, 56
"e:\FYP\educonnect-fyp\src\components\Navbar.tsx", "TypeScript JSX", 0, 0, 0, 0, 61, 0, 0, 0, 0, 0, 0, 2, 9, 72
"e:\FYP\educonnect-fyp\src\components\Notification\NotificationDropdown.tsx", "TypeScript JSX", 0, 0, 0, 0, 63, 0, 0, 0, 0, 0, 0, 0, 9, 72
"e:\FYP\educonnect-fyp\src\components\admin\articles\articles-client.tsx", "TypeScript JSX", 0, 0, 0, 0, 106, 0, 0, 0, 0, 0, 0, 3, 19, 128
"e:\FYP\educonnect-fyp\src\components\admin\articles\articles-filters.tsx", "TypeScript JSX", 0, 0, 0, 0, 96, 0, 0, 0, 0, 0, 0, 4, 19, 119
"e:\FYP\educonnect-fyp\src\components\admin\articles\articles-grid.tsx", "TypeScript JSX", 0, 0, 0, 0, 218, 0, 0, 0, 0, 0, 0, 0, 19, 237
"e:\FYP\educonnect-fyp\src\components\admin\articles\create-article-dialog.tsx", "TypeScript JSX", 0, 0, 0, 0, 207, 0, 0, 0, 0, 0, 0, 7, 29, 243
"e:\FYP\educonnect-fyp\src\components\admin\articles\delete-article-dialog.tsx", "TypeScript JSX", 0, 0, 0, 0, 67, 0, 0, 0, 0, 0, 0, 1, 9, 77
"e:\FYP\educonnect-fyp\src\components\admin\articles\edit-article-dialog.tsx", "TypeScript JSX", 0, 0, 0, 0, 264, 0, 0, 0, 0, 0, 0, 6, 29, 299
"e:\FYP\educonnect-fyp\src\components\admin\books\books-client.tsx", "TypeScript JSX", 0, 0, 0, 0, 105, 0, 0, 0, 0, 0, 0, 2, 17, 124
"e:\FYP\educonnect-fyp\src\components\admin\books\books-filters.tsx", "TypeScript JSX", 0, 0, 0, 0, 96, 0, 0, 0, 0, 0, 0, 4, 19, 119
"e:\FYP\educonnect-fyp\src\components\admin\books\books-grid.tsx", "TypeScript JSX", 0, 0, 0, 0, 248, 0, 0, 0, 0, 0, 0, 0, 17, 265
"e:\FYP\educonnect-fyp\src\components\admin\books\create-book-dialog.tsx", "TypeScript JSX", 0, 0, 0, 0, 312, 0, 0, 0, 0, 0, 0, 7, 34, 353
"e:\FYP\educonnect-fyp\src\components\admin\books\delete-book-dialog.tsx", "TypeScript JSX", 0, 0, 0, 0, 65, 0, 0, 0, 0, 0, 0, 1, 9, 75
"e:\FYP\educonnect-fyp\src\components\admin\books\edit-book-dialog.tsx", "TypeScript JSX", 0, 0, 0, 0, 340, 0, 0, 0, 0, 0, 0, 6, 35, 381
"e:\FYP\educonnect-fyp\src\components\admin\chat\chat-dashboard-client.tsx", "TypeScript JSX", 0, 0, 0, 0, 238, 0, 0, 0, 0, 0, 0, 1, 21, 260
"e:\FYP\educonnect-fyp\src\components\admin\chat\chat-statistics.tsx", "TypeScript JSX", 0, 0, 0, 0, 139, 0, 0, 0, 0, 0, 0, 4, 11, 154
"e:\FYP\educonnect-fyp\src\components\admin\chat\create-group-dialog.tsx", "TypeScript JSX", 0, 0, 0, 0, 146, 0, 0, 0, 0, 0, 0, 4, 23, 173
"e:\FYP\educonnect-fyp\src\components\admin\chat\delete-group-dialog.tsx", "TypeScript JSX", 0, 0, 0, 0, 80, 0, 0, 0, 0, 0, 0, 2, 10, 92
"e:\FYP\educonnect-fyp\src\components\admin\chat\delete-message-dialog.tsx", "TypeScript JSX", 0, 0, 0, 0, 74, 0, 0, 0, 0, 0, 0, 1, 9, 84
"e:\FYP\educonnect-fyp\src\components\admin\chat\edit-group-dialog.tsx", "TypeScript JSX", 0, 0, 0, 0, 191, 0, 0, 0, 0, 0, 0, 3, 23, 217
"e:\FYP\educonnect-fyp\src\components\admin\chat\groups-list.tsx", "TypeScript JSX", 0, 0, 0, 0, 273, 0, 0, 0, 0, 0, 0, 1, 31, 305
"e:\FYP\educonnect-fyp\src\components\admin\chat\messages-list.tsx", "TypeScript JSX", 0, 0, 0, 0, 358, 0, 0, 0, 0, 0, 0, 1, 31, 390
"e:\FYP\educonnect-fyp\src\components\admin\dashboard-client.tsx", "TypeScript JSX", 0, 0, 0, 0, 303, 0, 0, 0, 0, 0, 0, 10, 25, 338
"e:\FYP\educonnect-fyp\src\components\admin\dashboard-stats.tsx", "TypeScript JSX", 0, 0, 0, 0, 101, 0, 0, 0, 0, 0, 0, 1, 10, 112
"e:\FYP\educonnect-fyp\src\components\admin\events\create-event-dialog.tsx", "TypeScript JSX", 0, 0, 0, 0, 411, 0, 0, 0, 0, 0, 0, 15, 38, 464
"e:\FYP\educonnect-fyp\src\components\admin\events\delete-event-dialog.tsx", "TypeScript JSX", 0, 0, 0, 0, 96, 0, 0, 0, 0, 0, 0, 2, 9, 107
"e:\FYP\educonnect-fyp\src\components\admin\events\edit-event-dialog.tsx", "TypeScript JSX", 0, 0, 0, 0, 442, 0, 0, 0, 0, 0, 0, 16, 42, 500
"e:\FYP\educonnect-fyp\src\components\admin\events\events-client.tsx", "TypeScript JSX", 0, 0, 0, 0, 112, 0, 0, 0, 0, 0, 0, 2, 17, 131
"e:\FYP\educonnect-fyp\src\components\admin\events\events-filters.tsx", "TypeScript JSX", 0, 0, 0, 0, 81, 0, 0, 0, 0, 0, 0, 2, 15, 98
"e:\FYP\educonnect-fyp\src\components\admin\events\events-table.tsx", "TypeScript JSX", 0, 0, 0, 0, 280, 0, 0, 0, 0, 0, 0, 0, 23, 303
"e:\FYP\educonnect-fyp\src\components\admin\events\index.ts", "TypeScript", 0, 0, 5, 0, 0, 0, 0, 0, 0, 0, 0, 0, 1, 6
"e:\FYP\educonnect-fyp\src\components\admin\header.tsx", "TypeScript JSX", 0, 0, 0, 0, 122, 0, 0, 0, 0, 0, 0, 0, 13, 135
"e:\FYP\educonnect-fyp\src\components\admin\overview.tsx", "TypeScript JSX", 0, 0, 0, 0, 86, 0, 0, 0, 0, 0, 0, 1, 8, 95
"e:\FYP\educonnect-fyp\src\components\admin\payments\create-payment-dialog.tsx", "TypeScript JSX", 0, 0, 0, 0, 318, 0, 0, 0, 0, 0, 0, 4, 34, 356
"e:\FYP\educonnect-fyp\src\components\admin\payments\delete-payment-dialog.tsx", "TypeScript JSX", 0, 0, 0, 0, 74, 0, 0, 0, 0, 0, 0, 1, 9, 84
"e:\FYP\educonnect-fyp\src\components\admin\payments\edit-payment-dialog.tsx", "TypeScript JSX", 0, 0, 0, 0, 243, 0, 0, 0, 0, 0, 0, 2, 31, 276
"e:\FYP\educonnect-fyp\src\components\admin\payments\payment-statistics.tsx", "TypeScript JSX", 0, 0, 0, 0, 177, 0, 0, 0, 0, 0, 0, 8, 13, 198
"e:\FYP\educonnect-fyp\src\components\admin\payments\payments-client.tsx", "TypeScript JSX", 0, 0, 0, 0, 265, 0, 0, 0, 0, 0, 0, 3, 33, 301
"e:\FYP\educonnect-fyp\src\components\admin\payments\payments-filters.tsx", "TypeScript JSX", 0, 0, 0, 0, 137, 0, 0, 0, 0, 0, 0, 6, 23, 166
"e:\FYP\educonnect-fyp\src\components\admin\payments\payments-table.tsx", "TypeScript JSX", 0, 0, 0, 0, 331, 0, 0, 0, 0, 0, 0, 0, 21, 352
"e:\FYP\educonnect-fyp\src\components\admin\posts\columns.tsx", "TypeScript JSX", 0, 0, 0, 0, 188, 0, 0, 0, 0, 0, 0, 0, 5, 193
"e:\FYP\educonnect-fyp\src\components\admin\posts\create-post-dialog.tsx", "TypeScript JSX", 0, 0, 0, 0, 203, 0, 0, 0, 0, 0, 0, 8, 28, 239
"e:\FYP\educonnect-fyp\src\components\admin\posts\delete-post-dialog.tsx", "TypeScript JSX", 0, 0, 0, 0, 107, 0, 0, 0, 0, 0, 0, 2, 10, 119
"e:\FYP\educonnect-fyp\src\components\admin\posts\edit-post-dialog.tsx", "TypeScript JSX", 0, 0, 0, 0, 186, 0, 0, 0, 0, 0, 0, 5, 29, 220
"e:\FYP\educonnect-fyp\src\components\admin\posts\index.ts", "TypeScript", 0, 0, 5, 0, 0, 0, 0, 0, 0, 0, 0, 0, 2, 7
"e:\FYP\educonnect-fyp\src\components\admin\posts\posts-client.tsx", "TypeScript JSX", 0, 0, 0, 0, 152, 0, 0, 0, 0, 0, 0, 3, 26, 181
"e:\FYP\educonnect-fyp\src\components\admin\posts\posts-filters.tsx", "TypeScript JSX", 0, 0, 0, 0, 154, 0, 0, 0, 0, 0, 0, 2, 20, 176
"e:\FYP\educonnect-fyp\src\components\admin\posts\posts-grid.tsx", "TypeScript JSX", 0, 0, 0, 0, 24, 0, 0, 0, 0, 0, 0, 0, 4, 28
"e:\FYP\educonnect-fyp\src\components\admin\sidebar.tsx", "TypeScript JSX", 0, 0, 0, 0, 161, 0, 0, 0, 0, 0, 0, 2, 9, 172
"e:\FYP\educonnect-fyp\src\components\admin\users\create-user-dialog.tsx", "TypeScript JSX", 0, 0, 0, 0, 208, 0, 0, 0, 0, 0, 0, 2, 25, 235
"e:\FYP\educonnect-fyp\src\components\admin\users\delete-user-dialog.tsx", "TypeScript JSX", 0, 0, 0, 0, 65, 0, 0, 0, 0, 0, 0, 1, 9, 75
"e:\FYP\educonnect-fyp\src\components\admin\users\edit-user-dialog.tsx", "TypeScript JSX", 0, 0, 0, 0, 239, 0, 0, 0, 0, 0, 0, 3, 29, 271
"e:\FYP\educonnect-fyp\src\components\admin\users\user-detail-client.tsx", "TypeScript JSX", 0, 0, 0, 0, 378, 0, 0, 0, 0, 0, 0, 6, 27, 411
"e:\FYP\educonnect-fyp\src\components\admin\users\user-statistics.tsx", "TypeScript JSX", 0, 0, 0, 0, 210, 0, 0, 0, 0, 0, 0, 1, 12, 223
"e:\FYP\educonnect-fyp\src\components\admin\users\users-client.tsx", "TypeScript JSX", 0, 0, 0, 0, 134, 0, 0, 0, 0, 0, 0, 6, 24, 164
"e:\FYP\educonnect-fyp\src\components\admin\users\users-table-filters.tsx", "TypeScript JSX", 0, 0, 0, 0, 147, 0, 0, 0, 0, 0, 0, 2, 18, 167
"e:\FYP\educonnect-fyp\src\components\admin\users\users-table.tsx", "TypeScript JSX", 0, 0, 0, 0, 312, 0, 0, 0, 0, 0, 0, 7, 23, 342
"e:\FYP\educonnect-fyp\src\components\articles\ArticleCard.tsx", "TypeScript JSX", 0, 0, 0, 0, 67, 0, 0, 0, 0, 0, 0, 1, 9, 77
"e:\FYP\educonnect-fyp\src\components\articles\DeleteArticleButton.tsx", "TypeScript JSX", 0, 0, 0, 0, 57, 0, 0, 0, 0, 0, 0, 2, 9, 68
"e:\FYP\educonnect-fyp\src\components\bar\Navbar\DarkModeToggle.tsx", "TypeScript JSX", 0, 0, 0, 0, 12, 0, 0, 0, 0, 0, 0, 0, 4, 16
"e:\FYP\educonnect-fyp\src\components\bar\Navbar\Navbar.tsx", "TypeScript JSX", 0, 0, 0, 0, 773, 0, 0, 0, 0, 0, 0, 35, 41, 849
"e:\FYP\educonnect-fyp\src\components\bar\Navbar\NotificationBell.tsx", "TypeScript JSX", 0, 0, 0, 0, 77, 0, 0, 0, 0, 0, 0, 0, 6, 83
"e:\FYP\educonnect-fyp\src\components\bar\Navbar\SearchBar.tsx", "TypeScript JSX", 0, 0, 0, 0, 16, 0, 0, 0, 0, 0, 0, 0, 4, 20
"e:\FYP\educonnect-fyp\src\components\bar\Navbar\UserProfileDropdown.tsx", "TypeScript JSX", 0, 0, 0, 0, 56, 0, 0, 0, 0, 0, 0, 0, 5, 61
"e:\FYP\educonnect-fyp\src\components\bar\Navbar\mobile-sidebar.tsx", "TypeScript JSX", 0, 0, 0, 0, 22, 0, 0, 0, 0, 0, 0, 0, 4, 26
"e:\FYP\educonnect-fyp\src\components\bar\Sidebar.tsx", "TypeScript JSX", 0, 0, 0, 0, 187, 0, 0, 0, 0, 0, 0, 9, 18, 214
"e:\FYP\educonnect-fyp\src\components\bar\Sidebar12.tsx", "TypeScript JSX", 0, 0, 0, 0, 413, 0, 0, 0, 0, 0, 0, 7, 31, 451
"e:\FYP\educonnect-fyp\src\components\bar\Tooltip.tsx", "TypeScript JSX", 0, 0, 0, 0, 51, 0, 0, 0, 0, 0, 0, 1, 4, 56
"e:\FYP\educonnect-fyp\src\components\bar\animations.ts", "TypeScript", 0, 0, 49, 0, 0, 0, 0, 0, 0, 0, 0, 0, 4, 53
"e:\FYP\educonnect-fyp\src\components\bar\right-side-bar.tsx", "TypeScript JSX", 0, 0, 0, 0, 720, 0, 0, 0, 0, 0, 0, 37, 63, 820
"e:\FYP\educonnect-fyp\src\components\books\BookCard.tsx", "TypeScript JSX", 0, 0, 0, 0, 66, 0, 0, 0, 0, 0, 0, 2, 7, 75
"e:\FYP\educonnect-fyp\src\components\chat\AvailableUser.tsx", "TypeScript JSX", 0, 0, 0, 0, 286, 0, 0, 0, 0, 0, 0, 6, 20, 312
"e:\FYP\educonnect-fyp\src\components\chat\ChatInput.tsx", "TypeScript JSX", 0, 0, 0, 0, 189, 0, 0, 0, 0, 0, 0, 1, 16, 206
"e:\FYP\educonnect-fyp\src\components\chat\DirectChat.tsx", "TypeScript JSX", 0, 0, 0, 0, 857, 0, 0, 0, 0, 0, 0, 36, 64, 957
"e:\FYP\educonnect-fyp\src\components\chat\GroupChat.tsx", "TypeScript JSX", 0, 0, 0, 0, 1054, 0, 0, 0, 0, 0, 0, 53, 89, 1196
"e:\FYP\educonnect-fyp\src\components\chat\GroupDetails.tsx", "TypeScript JSX", 0, 0, 0, 0, 554, 0, 0, 0, 0, 0, 0, 27, 54, 635
"e:\FYP\educonnect-fyp\src\components\chat\direct-chat.tsx", "TypeScript JSX", 0, 0, 0, 0, 401, 0, 0, 0, 0, 0, 0, 15, 29, 445
"e:\FYP\educonnect-fyp\src\components\education-news-explorer.tsx", "TypeScript JSX", 0, 0, 0, 0, 302, 0, 0, 0, 0, 0, 0, 0, 26, 328
"e:\FYP\educonnect-fyp\src\components\education-quotes-carousel.tsx", "TypeScript JSX", 0, 0, 0, 0, 205, 0, 0, 0, 0, 0, 0, 7, 20, 232
"e:\FYP\educonnect-fyp\src\components\educonnectloader.tsx", "TypeScript JSX", 0, 0, 0, 0, 97, 0, 0, 0, 0, 0, 0, 0, 10, 107
"e:\FYP\educonnect-fyp\src\components\event\EventForm.tsx", "TypeScript JSX", 0, 0, 0, 0, 1478, 0, 0, 0, 0, 0, 0, 8, 79, 1565
"e:\FYP\educonnect-fyp\src\components\event\registration-form.tsx", "TypeScript JSX", 0, 0, 0, 0, 640, 0, 0, 0, 0, 0, 0, 21, 48, 709
"e:\FYP\educonnect-fyp\src\components\form\SignInForm.tsx", "TypeScript JSX", 0, 0, 0, 0, 336, 0, 0, 0, 0, 0, 0, 4, 22, 362
"e:\FYP\educonnect-fyp\src\components\form\SignUpForm.tsx", "TypeScript JSX", 0, 0, 0, 0, 675, 0, 0, 0, 0, 0, 0, 14, 43, 732
"e:\FYP\educonnect-fyp\src\components\home-sidebar.tsx", "TypeScript JSX", 0, 0, 0, 0, 202, 0, 0, 0, 0, 0, 0, 4, 6, 212
"e:\FYP\educonnect-fyp\src\components\layout\AppLayout.tsx", "TypeScript JSX", 0, 0, 0, 0, 19, 0, 0, 0, 0, 0, 0, 0, 4, 23
"e:\FYP\educonnect-fyp\src\components\mobile-navigation.tsx", "TypeScript JSX", 0, 0, 0, 0, 46, 0, 0, 0, 0, 0, 0, 0, 6, 52
"e:\FYP\educonnect-fyp\src\components\pdf-viewer.tsx", "TypeScript JSX", 0, 0, 0, 0, 139, 0, 0, 0, 0, 0, 0, 4, 10, 153
"e:\FYP\educonnect-fyp\src\components\post\PostForm.tsx", "TypeScript JSX", 0, 0, 0, 0, 1040, 0, 0, 0, 0, 0, 0, 28, 81, 1149
"e:\FYP\educonnect-fyp\src\components\post\PostList.tsx", "TypeScript JSX", 0, 0, 0, 0, 770, 0, 0, 0, 0, 0, 0, 36, 68, 874
"e:\FYP\educonnect-fyp\src\components\post\post.tsx", "TypeScript JSX", 0, 0, 0, 0, 508, 0, 0, 0, 0, 0, 0, 8, 24, 540
"e:\FYP\educonnect-fyp\src\components\profile-card.tsx", "TypeScript JSX", 0, 0, 0, 0, 586, 0, 0, 0, 0, 0, 0, 16, 27, 629
"e:\FYP\educonnect-fyp\src\components\profile\Timeline.tsx", "TypeScript JSX", 0, 0, 0, 0, 549, 0, 0, 0, 0, 0, 0, 621, 110, 1280
"e:\FYP\educonnect-fyp\src\components\profile\TimelineList.tsx", "TypeScript JSX", 0, 0, 0, 0, 591, 0, 0, 0, 0, 0, 0, 41, 56, 688
"e:\FYP\educonnect-fyp\src\components\profile\edit-profile.tsx", "TypeScript JSX", 0, 0, 0, 0, 1948, 0, 0, 0, 0, 0, 0, 497, 188, 2633
"e:\FYP\educonnect-fyp\src\components\profile\saved-posts-list.tsx", "TypeScript JSX", 0, 0, 0, 0, 694, 0, 0, 0, 0, 0, 0, 38, 60, 792
"e:\FYP\educonnect-fyp\src\components\profile\timeline-post.tsx", "TypeScript JSX", 0, 0, 0, 0, 1107, 0, 0, 0, 0, 0, 0, 35, 122, 1264
"e:\FYP\educonnect-fyp\src\components\profile\user-profile.tsx", "TypeScript JSX", 0, 0, 0, 0, 1197, 0, 0, 0, 0, 0, 0, 41, 101, 1339
"e:\FYP\educonnect-fyp\src\components\trending-topics.tsx", "TypeScript JSX", 0, 0, 0, 0, 478, 0, 0, 0, 0, 0, 0, 10, 29, 517
"e:\FYP\educonnect-fyp\src\components\ui\GoogleSignInButton.tsx", "TypeScript JSX", 0, 0, 0, 0, 17, 0, 0, 0, 0, 0, 0, 1, 5, 23
"e:\FYP\educonnect-fyp\src\components\ui\accordion.tsx", "TypeScript JSX", 0, 0, 0, 0, 50, 0, 0, 0, 0, 0, 0, 0, 7, 57
"e:\FYP\educonnect-fyp\src\components\ui\alert-dialog.tsx", "TypeScript JSX", 0, 0, 0, 0, 127, 0, 0, 0, 0, 0, 0, 0, 15, 142
"e:\FYP\educonnect-fyp\src\components\ui\alert.tsx", "TypeScript JSX", 0, 0, 0, 0, 53, 0, 0, 0, 0, 0, 0, 0, 7, 60
"e:\FYP\educonnect-fyp\src\components\ui\avatar.tsx", "TypeScript JSX", 0, 0, 0, 0, 44, 0, 0, 0, 0, 0, 0, 0, 9, 53
"e:\FYP\educonnect-fyp\src\components\ui\badge.tsx", "TypeScript JSX", 0, 0, 0, 0, 31, 0, 0, 0, 0, 0, 0, 0, 6, 37
"e:\FYP\educonnect-fyp\src\components\ui\button.tsx", "TypeScript JSX", 0, 0, 0, 0, 52, 0, 0, 0, 0, 0, 0, 0, 6, 58
"e:\FYP\educonnect-fyp\src\components\ui\calendar.tsx", "TypeScript JSX", 0, 0, 0, 0, 71, 0, 0, 0, 0, 0, 0, 0, 6, 77
"e:\FYP\educonnect-fyp\src\components\ui\card.tsx", "TypeScript JSX", 0, 0, 0, 0, 68, 0, 0, 0, 0, 0, 0, 0, 9, 77
"e:\FYP\educonnect-fyp\src\components\ui\chart.tsx", "TypeScript JSX", 0, 0, 0, 0, 327, 0, 0, 0, 0, 0, 0, 2, 37, 366
"e:\FYP\educonnect-fyp\src\components\ui\checkbox.tsx", "TypeScript JSX", 0, 0, 0, 0, 26, 0, 0, 0, 0, 0, 0, 0, 4, 30
"e:\FYP\educonnect-fyp\src\components\ui\collapsible.tsx", "TypeScript JSX", 0, 0, 0, 0, 6, 0, 0, 0, 0, 0, 0, 0, 6, 12
"e:\FYP\educonnect-fyp\src\components\ui\data-table.tsx", "TypeScript JSX", 0, 0, 0, 0, 172, 0, 0, 0, 0, 0, 0, 0, 7, 179
"e:\FYP\educonnect-fyp\src\components\ui\dialog.tsx", "TypeScript JSX", 0, 0, 0, 0, 109, 0, 0, 0, 0, 0, 0, 0, 14, 123
"e:\FYP\educonnect-fyp\src\components\ui\dropdown-menu.tsx", "TypeScript JSX", 0, 0, 0, 0, 187, 0, 0, 0, 0, 0, 0, 0, 19, 206
"e:\FYP\educonnect-fyp\src\components\ui\form.tsx", "TypeScript JSX", 0, 0, 0, 0, 153, 0, 0, 0, 0, 0, 0, 0, 26, 179
"e:\FYP\educonnect-fyp\src\components\ui\input.tsx", "TypeScript JSX", 0, 0, 0, 0, 19, 0, 0, 0, 0, 0, 0, 0, 4, 23
"e:\FYP\educonnect-fyp\src\components\ui\label.tsx", "TypeScript JSX", 0, 0, 0, 0, 21, 0, 0, 0, 0, 0, 0, 0, 6, 27
"e:\FYP\educonnect-fyp\src\components\ui\popover.tsx", "TypeScript JSX", 0, 0, 0, 0, 26, 0, 0, 0, 0, 0, 0, 0, 8, 34
"e:\FYP\educonnect-fyp\src\components\ui\progress.tsx", "TypeScript JSX", 0, 0, 0, 0, 24, 0, 0, 0, 0, 0, 0, 0, 5, 29
"e:\FYP\educonnect-fyp\src\components\ui\radio-group.tsx", "TypeScript JSX", 0, 0, 0, 0, 39, 0, 0, 0, 0, 0, 0, 0, 5, 44
"e:\FYP\educonnect-fyp\src\components\ui\scroll-area.tsx", "TypeScript JSX", 0, 0, 0, 0, 43, 0, 0, 0, 0, 0, 0, 0, 6, 49
"e:\FYP\educonnect-fyp\src\components\ui\select.tsx", "TypeScript JSX", 0, 0, 0, 0, 151, 0, 0, 0, 0, 0, 0, 0, 14, 165
"e:\FYP\educonnect-fyp\src\components\ui\separator.tsx", "TypeScript JSX", 0, 0, 0, 0, 27, 0, 0, 0, 0, 0, 0, 0, 5, 32
"e:\FYP\educonnect-fyp\src\components\ui\sheet.tsx", "TypeScript JSX", 0, 0, 0, 0, 125, 0, 0, 0, 0, 0, 0, 0, 15, 140
"e:\FYP\educonnect-fyp\src\components\ui\skeleton.tsx", "TypeScript JSX", 0, 0, 0, 0, 13, 0, 0, 0, 0, 0, 0, 0, 3, 16
"e:\FYP\educonnect-fyp\src\components\ui\switch.tsx", "TypeScript JSX", 0, 0, 0, 0, 25, 0, 0, 0, 0, 0, 0, 0, 5, 30
"e:\FYP\educonnect-fyp\src\components\ui\table.tsx", "TypeScript JSX", 0, 0, 0, 0, 110, 0, 0, 0, 0, 0, 0, 0, 11, 121
"e:\FYP\educonnect-fyp\src\components\ui\tabs.tsx", "TypeScript JSX", 0, 0, 0, 0, 48, 0, 0, 0, 0, 0, 0, 0, 8, 56
"e:\FYP\educonnect-fyp\src\components\ui\textarea.tsx", "TypeScript JSX", 0, 0, 0, 0, 20, 0, 0, 0, 0, 0, 0, 0, 5, 25
"e:\FYP\educonnect-fyp\src\components\ui\toast.tsx", "TypeScript JSX", 0, 0, 0, 0, 116, 0, 0, 0, 0, 0, 0, 0, 14, 130
"e:\FYP\educonnect-fyp\src\components\ui\toaster.tsx", "TypeScript JSX", 0, 0, 0, 0, 32, 0, 0, 0, 0, 0, 0, 0, 4, 36
"e:\FYP\educonnect-fyp\src\components\ui\tooltip.tsx", "TypeScript JSX", 0, 0, 0, 0, 25, 0, 0, 0, 0, 0, 0, 0, 8, 33
"e:\FYP\educonnect-fyp\src\components\upcoming-events.tsx", "TypeScript JSX", 0, 0, 0, 0, 386, 0, 0, 0, 0, 0, 0, 5, 24, 415
"e:\FYP\educonnect-fyp\src\context\AdminContext.tsx", "TypeScript JSX", 0, 0, 0, 0, 189, 0, 0, 0, 0, 0, 0, 12, 25, 226
"e:\FYP\educonnect-fyp\src\context\ChatContext.tsx", "TypeScript JSX", 0, 0, 0, 0, 111, 0, 0, 0, 0, 0, 0, 0, 16, 127
"e:\FYP\educonnect-fyp\src\context\SidebarContext.tsx", "TypeScript JSX", 0, 0, 0, 0, 45, 0, 0, 0, 0, 0, 0, 3, 12, 60
"e:\FYP\educonnect-fyp\src\context\admin-context.tsx", "TypeScript JSX", 0, 0, 0, 0, 135, 0, 0, 0, 0, 0, 0, 6, 15, 156
"e:\FYP\educonnect-fyp\src\hooks\__tests__\useChat.test.ts", "TypeScript", 0, 0, 97, 0, 0, 0, 0, 0, 0, 0, 0, 5, 26, 128
"e:\FYP\educonnect-fyp\src\hooks\__tests__\useSocket.test.ts", "TypeScript", 0, 0, 58, 0, 0, 0, 0, 0, 0, 0, 0, 2, 17, 77
"e:\FYP\educonnect-fyp\src\hooks\use-admin-auth.tsx", "TypeScript JSX", 0, 0, 0, 0, 42, 0, 0, 0, 0, 0, 0, 0, 9, 51
"e:\FYP\educonnect-fyp\src\hooks\use-mobile.tsx", "TypeScript JSX", 0, 0, 0, 0, 15, 0, 0, 0, 0, 0, 0, 0, 5, 20
"e:\FYP\educonnect-fyp\src\hooks\use-toast.ts", "TypeScript", 0, 0, 160, 0, 0, 0, 0, 0, 0, 0, 0, 3, 32, 195
"e:\FYP\educonnect-fyp\src\hooks\useAdminAuth.ts", "TypeScript", 0, 0, 74, 0, 0, 0, 0, 0, 0, 0, 0, 4, 10, 88
"e:\FYP\educonnect-fyp\src\hooks\useUser.ts", "TypeScript", 0, 0, 26, 0, 0, 0, 0, 0, 0, 0, 0, 0, 6, 32
"e:\FYP\educonnect-fyp\src\lib\cloudinary.ts", "TypeScript", 0, 0, 7, 0, 0, 0, 0, 0, 0, 0, 0, 1, 2, 10
"e:\FYP\educonnect-fyp\src\lib\form-validation.ts", "TypeScript", 0, 0, 74, 0, 0, 0, 0, 0, 0, 0, 0, 6, 12, 92
"e:\FYP\educonnect-fyp\src\lib\generateEsewaSignature.ts", "TypeScript", 0, 0, 8, 0, 0, 0, 0, 0, 0, 0, 0, 0, 2, 10
"e:\FYP\educonnect-fyp\src\lib\initiatePayments.ts", "TypeScript", 0, 0, 45, 0, 0, 0, 0, 0, 0, 0, 0, 0, 7, 52
"e:\FYP\educonnect-fyp\src\lib\jwt.ts", "TypeScript", 0, 0, 10, 0, 0, 0, 0, 0, 0, 0, 0, 0, 2, 12
"e:\FYP\educonnect-fyp\src\lib\prisma.ts", "TypeScript", 0, 0, 19, 0, 0, 0, 0, 0, 0, 0, 0, 1, 6, 26
"e:\FYP\educonnect-fyp\src\lib\queryClient.ts", "TypeScript", 0, 0, 3, 0, 0, 0, 0, 0, 0, 0, 0, 0, 3, 6
"e:\FYP\educonnect-fyp\src\lib\resend.ts", "TypeScript", 0, 0, 2, 0, 0, 0, 0, 0, 0, 0, 0, 0, 1, 3
"e:\FYP\educonnect-fyp\src\lib\utils.ts", "TypeScript", 0, 0, 5, 0, 0, 0, 0, 0, 0, 0, 0, 0, 2, 7
"e:\FYP\educonnect-fyp\src\middleware.ts", "TypeScript", 0, 0, 68, 0, 0, 0, 0, 0, 0, 0, 0, 63, 20, 151
"e:\FYP\educonnect-fyp\src\socket.ts", "TypeScript", 0, 0, 3, 0, 0, 0, 0, 0, 0, 0, 0, 1, 3, 7
"e:\FYP\educonnect-fyp\src\types\apiResponse.ts", "TypeScript", 0, 0, 7, 0, 0, 0, 0, 0, 0, 0, 0, 0, 2, 9
"e:\FYP\educonnect-fyp\src\types\index.ts", "TypeScript", 0, 0, 34, 0, 0, 0, 0, 0, 0, 0, 0, 0, 4, 38
"e:\FYP\educonnect-fyp\src\types\next-auth.d.ts", "TypeScript", 0, 0, 27, 0, 0, 0, 0, 0, 0, 0, 0, 0, 4, 31
"e:\FYP\educonnect-fyp\src\types\types.ts", "TypeScript", 0, 0, 9, 0, 0, 0, 0, 0, 0, 0, 0, 6, 2, 17
"e:\FYP\educonnect-fyp\src\utils\FetchApiWrapper.ts", "TypeScript", 0, 0, 11, 0, 0, 0, 0, 0, 0, 0, 0, 1, 4, 16
"e:\FYP\educonnect-fyp\src\utils\sendVerificationEmail.ts", "TypeScript", 0, 0, 27, 0, 0, 0, 0, 0, 0, 0, 0, 0, 3, 30
"e:\FYP\educonnect-fyp\src\utils\validation.ts", "TypeScript", 0, 0, 4, 0, 0, 0, 0, 0, 0, 0, 0, 0, 4, 8
"e:\FYP\educonnect-fyp\tailwind.config.ts", "TypeScript", 0, 0, 94, 0, 0, 0, 0, 0, 0, 0, 0, 0, 2, 96
"e:\FYP\educonnect-fyp\tsconfig.json", "JSON with Comments", 0, 28, 0, 0, 0, 0, 0, 0, 0, 0, 0, 0, 1, 29
"e:\FYP\educonnect-fyp\tsconfig.server.json", "JSON", 0, 0, 0, 13, 0, 0, 0, 0, 0, 0, 0, 0, 1, 14
"Total", "-", 51, 31, 8957, 19847, 39467, 2, 228, 405, 424, 9808, 207, 3849, 8349, 91625